Order Date,Category,Website,Condition,List Price Per Unit,Purchase Price Per Unit,Quantity,Item Subtotal,Item Subtotal Tax,Item Total,Tax Exemption Applied,Tax Exemption Type,Exemption Opt-Out,Currency,Group Name
1/5/19,Health and Beauty,Amazon.com,new,$10.25 ,$9.70 ,1,$9.70 ,$0.58 ,$10.28 ,,,,USD,
1/5/19,,Amazon.com,new,$11.99 ,$11.99 ,1,$11.99 ,$0.00 ,$11.99 ,,,,USD,
1/5/19,Misc.,Amazon.com,new,$0.00 ,$6.00 ,1,$6.00 ,$0.00 ,$6.00 ,,,,USD,
1/5/19,Misc.,Amazon.com,new,$0.00 ,$14.52 ,1,$14.52 ,$0.00 ,$14.52 ,,,,USD,
1/5/19,Tools & Home Improvement,Amazon.com,new,$0.00 ,$43.99 ,1,$43.99 ,$0.00 ,$43.99 ,,,,USD,
1/5/19,Health and Beauty,Amazon.com,new,$19.99 ,$11.98 ,1,$11.98 ,$0.00 ,$11.98 ,,,,USD,
1/5/19,Health and Beauty,Amazon.com,new,$80.00 ,$12.98 ,1,$12.98 ,$0.00 ,$12.98 ,,,,USD,
1/5/19,Hardcover,Amazon.com,used acceptable,$26.99 ,$6.05 ,1,$6.05 ,$0.00 ,$6.05 ,,,,USD,
1/10/19,Tools & Home Improvement,Amazon.com,new,$9.99 ,$8.99 ,1,$8.99 ,$0.54 ,$9.53 ,,,,USD,
1/10/19,Paperback,Amazon.com,new,$21.95 ,$14.55 ,1,$14.55 ,$0.87 ,$15.42 ,,,,USD,
1/10/19,Home,Amazon.com,new,$0.00 ,$8.99 ,1,$8.99 ,$0.00 ,$8.99 ,,,,USD,
1/10/19,Paperback,Amazon.com,new,$15.99 ,$10.68 ,1,$10.68 ,$0.64 ,$11.32 ,,,,USD,
1/10/19,Office Product,Amazon.com,new,$31.49 ,$13.52 ,1,$13.52 ,$0.81 ,$14.33 ,,,,USD,
1/17/19,Health and Beauty,Amazon.com,new,$29.99 ,$29.99 ,1,$29.99 ,$0.00 ,$29.99 ,,,,USD,
1/17/19,Electronics,Amazon.com,new,$5.99 ,$5.98 ,1,$5.98 ,$0.36 ,$6.34 ,,,,USD,
1/17/19,Health and Beauty,Amazon.com,new,$59.95 ,$24.95 ,1,$24.95 ,$0.00 ,$24.95 ,,,,USD,
1/17/19,Wireless Phone Accessory,Amazon.com,new,$9.99 ,$9.99 ,1,$9.99 ,$0.60 ,$10.59 ,,,,USD,
1/17/19,Misc.,Amazon.com,new,$8.99 ,$8.86 ,1,$8.86 ,$0.00 ,$8.86 ,,,,USD,
1/17/19,Health and Beauty,Amazon.com,new,$30.00 ,$24.00 ,1,$24.00 ,$1.44 ,$25.44 ,,,,USD,
1/20/19,Electronics,Amazon.com,new,$5.99 ,$0.00 ,1,$0.00 ,$0.00 ,$0.00 ,,,,USD,
1/20/19,Electronics,Amazon.com,new,$5.99 ,$0.00 ,1,$0.00 ,$0.00 ,$0.00 ,,,,USD,
1/20/19,Health and Beauty,Amazon.com,new,$29.99 ,$29.99 ,1,$29.99 ,$0.00 ,$29.99 ,,,,USD,
1/20/19,Apparel,Amazon.com,new,$0.00 ,$16.99 ,1,$16.99 ,$0.00 ,$16.99 ,,,,USD,
1/20/19,Apparel,Amazon.com,new,$0.00 ,$27.99 ,1,$27.99 ,$0.00 ,$27.99 ,,,,USD,
1/20/19,Apparel,Amazon.com,new,$23.00 ,$15.80 ,1,$15.80 ,$0.00 ,$15.80 ,,,,USD,
1/20/19,Wireless Phone Accessory,Amazon.com,new,$9.99 ,$9.99 ,1,$9.99 ,$0.60 ,$10.59 ,,,,USD,
1/20/19,Apparel,Amazon.com,new,$11.50 ,$11.40 ,1,$11.40 ,$0.68 ,$12.08 ,,,,USD,
1/20/19,Health and Beauty,Amazon.com,new,$59.95 ,$24.95 ,0,$0.00 ,$0.00 ,$0.00 ,,,,USD,
1/29/19,Apparel,Amazon.com,new,$0.00 ,$28.99 ,1,$28.99 ,$0.00 ,$28.99 ,,,,USD,
1/29/19,Grocery,Amazon.com,new,$10.98 ,$28.99 ,1,$28.99 ,$0.00 ,$28.99 ,,,,USD,
1/29/19,Health and Beauty,Amazon.com,new,$42.46 ,$42.46 ,1,$42.46 ,$0.00 ,$42.46 ,,,,USD,
2/2/19,Sports,Amazon.com,new,$0.00 ,$14.77 ,1,$14.77 ,$0.00 ,$14.77 ,,,,USD,
2/2/19,Misc.,Amazon.com,new,$42.97 ,$21.97 ,1,$21.97 ,$1.32 ,$23.29 ,,,,USD,
2/3/19,Grocery,Amazon.com,new,$0.00 ,$16.99 ,1,$16.99 ,$0.00 ,$16.99 ,,,,USD,
2/3/19,,Amazon.com,new,$28.58 ,$20.99 ,1,$20.99 ,$0.00 ,$20.99 ,,,,USD,
2/3/19,Health and Beauty,Amazon.com,new,$29.99 ,$29.99 ,1,$29.99 ,$0.00 ,$29.99 ,,,,USD,
3/1/19,Paperback,Amazon.com,used verygood,$15.99 ,$9.01 ,1,$9.01 ,$0.00 ,$9.01 ,,,,USD,
3/1/19,Hardcover,Amazon.com,used mint,$28.00 ,$13.99 ,1,$13.99 ,$0.00 ,$13.99 ,,,,USD,
3/1/19,Paperback,Amazon.com,new,$16.00 ,$10.87 ,1,$10.87 ,$0.65 ,$11.52 ,,,,USD,
3/1/19,Paperback,Amazon.com,used good,$14.99 ,$4.87 ,1,$4.87 ,$0.29 ,$5.16 ,,,,USD,
3/1/19,Office Product,Amazon.com,new,$26.99 ,$11.98 ,1,$11.98 ,$0.72 ,$12.70 ,,,,USD,
3/2/19,Lawn & Patio,Amazon.com,new,$11.21 ,$11.21 ,1,$11.21 ,$0.67 ,$11.88 ,,,,USD,
3/3/19,Health and Beauty,Amazon.com,new,$29.99 ,$29.99 ,1,$29.99 ,$0.00 ,$29.99 ,,,,USD,
3/3/19,Health and Beauty,Amazon.com,new,$29.99 ,$29.99 ,1,$29.99 ,$0.00 ,$29.99 ,,,,USD,
3/7/19,Health and Beauty,Amazon.com,new,$29.99 ,$14.97 ,1,$14.97 ,$0.00 ,$14.97 ,,,,USD,
3/7/19,Office Product,Amazon.com,new,$19.08 ,$9.99 ,1,$9.99 ,$0.00 ,$9.99 ,,,,USD,
3/7/19,Health and Beauty,Amazon.com,new,$0.00 ,$45.00 ,1,$45.00 ,$2.70 ,$47.70 ,,,,USD,
3/7/19,Health and Beauty,Amazon.com,new,$6.90 ,$5.90 ,1,$5.90 ,$0.35 ,$6.25 ,,,,USD,
3/8/19,Health and Beauty,Amazon.com,new,$0.00 ,$9.35 ,1,$9.35 ,$0.00 ,$9.35 ,,,,USD,
3/8/19,,Amazon.com,new,$0.00 ,$12.95 ,1,$12.95 ,$0.00 ,$12.95 ,,,,USD,
3/8/19,Apparel,Amazon.com,new,$0.00 ,$15.99 ,1,$15.99 ,$0.00 ,$15.99 ,,,,USD,
3/8/19,Health and Beauty,Amazon.com,new,$0.00 ,$13.99 ,1,$13.99 ,$0.00 ,$13.99 ,,,,USD,
3/13/19,Hardcover,Amazon.com,new,$22.95 ,$12.79 ,1,$12.79 ,$0.96 ,$13.75 ,,,,USD,
3/13/19,Wine,Amazon.com,new,$0.00 ,$17.48 ,1,$17.48 ,$0.00 ,$17.48 ,,,,USD,
3/13/19,Wine,Amazon.com,new,$0.00 ,$18.78 ,1,$18.78 ,$1.41 ,$20.19 ,,,,USD,
3/13/19,Hardcover,Amazon.com,used verygood,$18.99 ,$9.42 ,1,$9.42 ,$0.57 ,$9.99 ,,,,USD,
3/13/19,Kitchen,Amazon.com,new,$59.95 ,$52.95 ,1,$52.95 ,$3.18 ,$56.13 ,,,,USD,
3/13/19,Paperback,Amazon.com,used verygood,$16.99 ,$10.98 ,1,$10.98 ,$0.00 ,$10.98 ,,,,USD,
3/13/19,Hardcover,Amazon.com,new,$25.99 ,$12.99 ,1,$12.99 ,$0.78 ,$13.77 ,,,,USD,
3/13/19,Grocery,Amazon.com,new,$0.00 ,$5.48 ,1,$5.48 ,$0.00 ,$5.48 ,,,,USD,
3/18/19,Baby Product,Amazon.com,new,$0.00 ,$99.95 ,1,$99.95 ,$6.00 ,$105.95 ,,,,USD,
3/18/19,Kitchen,Amazon.com,new,$269.99 ,$69.99 ,1,$69.99 ,$0.00 ,$69.99 ,,,,USD,
3/20/19,Kitchen,Amazon.com,new,$18.00 ,$18.00 ,1,$18.00 ,$1.08 ,$19.08 ,,,,USD,
3/24/19,Health and Beauty,Amazon.com,new,$22.99 ,$17.99 ,1,$17.99 ,$0.00 ,$17.99 ,,,,USD,
3/24/19,Grocery,Amazon.com,new,$16.98 ,$16.98 ,1,$16.98 ,$1.02 ,$18.00 ,,,,USD,
3/24/19,,Amazon.com,new,$0.00 ,$7.99 ,1,$7.99 ,$0.00 ,$7.99 ,,,,USD,
3/31/19,Health and Beauty,Amazon.com,new,$12.00 ,$10.49 ,1,$10.49 ,$0.00 ,$10.49 ,,,,USD,
3/31/19,Misc.,Amazon.com,new,$0.00 ,$9.28 ,1,$9.28 ,$0.00 ,$9.28 ,,,,USD,
3/31/19,Kitchen,Amazon.com,new,$20.99 ,$20.74 ,1,$20.74 ,$1.24 ,$21.98 ,,,,USD,
3/31/19,Hardcover,Amazon.com,used verygood,$27.99 ,$17.85 ,1,$17.85 ,$0.00 ,$17.85 ,,,,USD,
3/31/19,Hardcover,Amazon.com,new,$26.99 ,$18.89 ,1,$18.89 ,$1.13 ,$20.02 ,,,,USD,
4/7/19,Electronics,Amazon.com,new,$0.00 ,$29.99 ,1,$29.99 ,$0.00 ,$29.99 ,,,,USD,
4/8/19,Hardcover,Amazon.com,new,$19.99 ,$13.99 ,1,$13.99 ,$0.84 ,$14.83 ,FALSE,,FALSE,USD,
4/13/19,Kitchen,Amazon.com,new,$0.00 ,$39.99 ,1,$39.99 ,$0.00 ,$39.99 ,,,,USD,
4/13/19,Lawn & Patio,Amazon.com,new,$0.00 ,$27.99 ,1,$27.99 ,$0.00 ,$27.99 ,,,,USD,
4/14/19,Kitchen,Amazon.com,new,$0.00 ,$11.94 ,1,$11.94 ,$1.06 ,$13.00 ,,,,USD,
4/14/19,Kitchen,Amazon.com,new,$29.95 ,$29.95 ,1,$29.95 ,$2.66 ,$32.61 ,,,,USD,
4/17/19,Apparel,Amazon.com,new,$29.97 ,$23.97 ,1,$23.97 ,$0.00 ,$23.97 ,,,,USD,
4/17/19,Grocery,Amazon.com,new,$0.00 ,$16.99 ,1,$16.99 ,$0.00 ,$16.99 ,,,,USD,
4/17/19,Apparel,Amazon.com,new,$0.00 ,$10.00 ,1,$10.00 ,$0.00 ,$10.00 ,,,,USD,
4/17/19,Apparel,Amazon.com,new,$0.00 ,$24.99 ,1,$24.99 ,$0.00 ,$24.99 ,,,,USD,
4/27/19,Misc.,Amazon.com,new,$35.00 ,$12.42 ,1,$12.42 ,$0.00 ,$12.42 ,,,,USD,
4/27/19,Health and Beauty,Amazon.com,new,$23.97 ,$21.12 ,1,$21.12 ,$0.00 ,$21.12 ,,,,USD,
4/27/19,Tools & Home Improvement,Amazon.com,new,$120.92 ,$57.17 ,1,$57.17 ,$3.43 ,$60.60 ,,,,USD,
4/29/19,Health and Beauty,Amazon.com,new,$0.00 ,$9.45 ,1,$9.45 ,$0.00 ,$9.45 ,,,,USD,
4/30/19,Personal Computers,Amazon.com,new,$0.00 ,$39.99 ,1,$39.99 ,$0.00 ,$39.99 ,,,,USD,
4/30/19,Office Product,Amazon.com,new,$72.50 ,$47.99 ,1,$47.99 ,$0.00 ,$47.99 ,,,,USD,
5/6/19,Health and Beauty,Amazon.com,new,$24.61 ,$24.61 ,1,$24.61 ,$0.00 ,$24.61 ,,,,USD,
5/6/19,,Amazon.com,new,$0.00 ,$13.99 ,1,$13.99 ,$0.00 ,$13.99 ,,,,USD,
5/6/19,Home,Amazon.com,new,$0.00 ,$37.99 ,1,$37.99 ,$2.28 ,$40.27 ,,,,USD,
5/12/19,Electronics,Amazon.com,new,$8.95 ,$6.99 ,1,$6.99 ,$0.00 ,$6.99 ,,,,USD,
5/12/19,Apparel,Amazon.com,new,$0.00 ,$22.99 ,1,$22.99 ,$0.00 ,$22.99 ,,,,USD,
5/12/19,Sports,Amazon.com,new,$0.00 ,$19.99 ,1,$19.99 ,$0.00 ,$19.99 ,,,,USD,
5/12/19,Misc.,Amazon.com,new,$0.00 ,$12.99 ,1,$12.99 ,$0.00 ,$12.99 ,,,,USD,
5/12/19,Health and Beauty,Amazon.com,new,$0.00 ,$19.95 ,1,$19.95 ,$0.00 ,$19.95 ,,,,USD,
5/12/19,Apparel,Amazon.com,new,$0.00 ,$14.99 ,1,$14.99 ,$0.00 ,$14.99 ,,,,USD,
5/12/19,Misc.,Amazon.com,new,$0.00 ,$12.99 ,1,$12.99 ,$0.00 ,$12.99 ,,,,USD,
5/13/19,Health and Beauty,Amazon.com,new,$24.00 ,$14.95 ,1,$14.95 ,$0.00 ,$14.95 ,,,,USD,
5/19/19,Apparel,Amazon.com,new,$0.00 ,$19.99 ,1,$19.99 ,$0.00 ,$19.99 ,,,,USD,
5/19/19,Apparel,Amazon.com,new,$14.98 ,$11.98 ,1,$11.98 ,$0.72 ,$12.70 ,,,,USD,
5/27/19,Kitchen,Amazon.com,new,$0.00 ,$41.99 ,1,$41.99 ,$0.00 ,$41.99 ,,,,USD,
5/27/19,Misc.,Amazon.com,new,$0.00 ,$17.99 ,1,$17.99 ,$0.00 ,$17.99 ,,,,USD,
5/27/19,Kitchen,Amazon.com,new,$0.00 ,$18.99 ,1,$18.99 ,$0.00 ,$18.99 ,,,,USD,
6/1/19,Kitchen,Amazon.com,new,$0.00 ,$17.50 ,1,$17.50 ,$0.00 ,$17.50 ,,,,USD,
6/1/19,Misc.,Amazon.com,new,$29.99 ,$19.87 ,1,$19.87 ,$0.00 ,$19.87 ,,,,USD,
6/1/19,,Amazon.com,new,$0.00 ,$21.99 ,1,$21.99 ,$0.00 ,$21.99 ,,,,USD,
6/1/19,Grocery,Amazon.com,new,$14.49 ,$13.49 ,1,$13.49 ,$0.00 ,$13.49 ,,,,USD,
6/1/19,Grocery,Amazon.com,new,$0.00 ,$7.34 ,1,$7.34 ,$0.00 ,$7.34 ,,,,USD,
6/2/19,Paperback,Amazon.com,new,$99.00 ,$94.60 ,1,$94.60 ,$5.68 ,$100.28 ,,,,USD,
6/3/19,Kitchen,Amazon.com,new,$6.99 ,$6.99 ,1,$6.99 ,$0.42 ,$7.41 ,,,,USD,
6/3/19,Apparel,Amazon.com,new,$24.99 ,$12.50 ,2,$25.00 ,$1.50 ,$26.50 ,,,,USD,
6/3/19,Office Product,Amazon.com,new,$0.00 ,$7.28 ,1,$7.28 ,$0.00 ,$7.28 ,,,,USD,
6/3/19,,Amazon.com,new,$25.99 ,$15.99 ,1,$15.99 ,$0.00 ,$15.99 ,,,,USD,
6/3/19,,Amazon.com,new,$0.00 ,$15.95 ,1,$15.95 ,$0.00 ,$15.95 ,,,,USD,
6/3/19,Kitchen,Amazon.com,new,$5.29 ,$3.91 ,1,$3.91 ,$0.24 ,$4.15 ,,,,USD,
6/3/19,Kitchen,Amazon.com,new,$34.32 ,$29.11 ,1,$29.11 ,$1.75 ,$30.86 ,,,,USD,
6/3/19,,Amazon.com,new,$0.00 ,$15.95 ,1,$15.95 ,$0.00 ,$15.95 ,,,,USD,
6/18/19,Lawn & Patio,Amazon.com,new,$4.99 ,$14.99 ,1,$14.99 ,$0.90 ,$15.89 ,,,,USD,
6/18/19,Lawn & Patio,Amazon.com,new,$24.99 ,$7.99 ,1,$7.99 ,$0.48 ,$8.47 ,,,,USD,
6/18/19,Baby Product,Amazon.com,new,$0.00 ,$17.99 ,1,$17.99 ,$0.00 ,$17.99 ,,,,USD,
6/18/19,Apparel,Amazon.com,new,$24.99 ,$14.99 ,1,$14.99 ,$0.90 ,$15.89 ,,,,USD,
6/18/19,Electronics,Amazon.com,new,$0.00 ,$22.99 ,2,$45.98 ,$0.00 ,$45.98 ,,,,USD,
6/18/19,Lawn & Patio,Amazon.com,new,$29.99 ,$10.99 ,1,$10.99 ,$0.00 ,$10.99 ,,,,USD,
6/21/19,Health and Beauty,Amazon.com,new,$79.89 ,$69.99 ,1,$69.99 ,$4.20 ,$74.19 ,,,,USD,
6/21/19,Baby Product,Amazon.com,new,$24.99 ,$18.99 ,1,$18.99 ,$1.14 ,$20.13 ,,,,USD,
6/21/19,Health and Beauty,Amazon.com,new,$11.99 ,$8.98 ,1,$8.98 ,$0.54 ,$9.52 ,,,,USD,
6/21/19,Health and Beauty,Amazon.com,new,$27.00 ,$27.00 ,1,$27.00 ,$1.62 ,$28.62 ,,,,USD,
6/21/19,Baby Product,Amazon.com,new,$0.00 ,$5.32 ,1,$5.32 ,$0.32 ,$5.64 ,,,,USD,
6/21/19,Baby Product,Amazon.com,new,$14.99 ,$12.99 ,1,$12.99 ,$0.78 ,$13.77 ,,,,USD,
6/21/19,Baby Product,Amazon.com,new,$98.99 ,$69.95 ,1,$69.95 ,$0.00 ,$69.95 ,,,,USD,
6/26/19,Lawn & Patio,Amazon.com,new,$12.58 ,$12.13 ,1,$12.13 ,$0.00 ,$12.13 ,,,,USD,
6/26/19,Baby Product,Amazon.com,new,$20.99 ,$25.99 ,1,$25.99 ,$0.00 ,$25.99 ,,,,USD,
6/26/19,Lawn & Patio,Amazon.com,new,$7.75 ,$11.59 ,1,$11.59 ,$0.00 ,$11.59 ,,,,USD,
6/26/19,Baby Product,Amazon.com,new,$0.00 ,$10.19 ,1,$10.19 ,$0.00 ,$10.19 ,,,,USD,
6/26/19,Lawn & Patio,Amazon.com,new,$15.31 ,$9.74 ,1,$9.74 ,$0.58 ,$10.32 ,,,,USD,
6/26/19,Health and Beauty,Amazon.com,new,$5.99 ,$4.95 ,1,$4.95 ,$0.30 ,$5.25 ,,,,USD,
6/26/19,Health and Beauty,Amazon.com,new,$6.90 ,$5.90 ,1,$5.90 ,$0.35 ,$6.25 ,,,,USD,
6/26/19,Lawn & Patio,Amazon.com,new,$10.99 ,$10.99 ,1,$10.99 ,$0.66 ,$11.65 ,,,,USD,
6/26/19,Health and Beauty,Amazon.com,new,$29.99 ,$29.99 ,1,$29.99 ,$1.80 ,$31.79 ,,,,USD,
6/26/19,Office Product,Amazon.com,new,$0.00 ,$23.28 ,1,$23.28 ,$0.00 ,$23.28 ,,,,USD,
7/5/19,Baby Product,Amazon.com,new,$0.00 ,$69.00 ,1,$69.00 ,$0.00 ,$69.00 ,,,,USD,
7/7/19,Baby Product,Amazon.com,new,$45.00 ,$29.49 ,1,$29.49 ,$0.00 ,$29.49 ,,,,USD,
7/7/19,Baby Product,Amazon.com,new,$49.00 ,$39.20 ,1,$39.20 ,$0.00 ,$39.20 ,,,,USD,
7/7/19,Health and Beauty,Amazon.com,new,$30.00 ,$30.00 ,1,$30.00 ,$1.80 ,$31.80 ,,,,USD,
7/7/19,Health and Beauty,Amazon.com,new,$0.00 ,$13.99 ,2,$27.98 ,$0.00 ,$27.98 ,,,,USD,
7/10/19,Baby Product,Amazon.com,new,$0.00 ,$7.00 ,1,$7.00 ,$0.42 ,$7.42 ,,,,USD,
7/10/19,Baby Product,Amazon.com,new,$2.69 ,$6.95 ,1,$6.95 ,$0.00 ,$6.95 ,,,,USD,
7/10/19,Baby Product,Amazon.com,new,$7.55 ,$7.55 ,1,$7.55 ,$0.45 ,$8.00 ,,,,USD,
7/10/19,Baby Product,Amazon.com,new,$11.99 ,$9.99 ,1,$9.99 ,$0.00 ,$9.99 ,,,,USD,
7/10/19,Health and Beauty,Amazon.com,new,$15.99 ,$15.99 ,1,$15.99 ,$0.96 ,$16.95 ,,,,USD,
7/10/19,Misc.,Amazon.com,new,$18.00 ,$9.35 ,1,$9.35 ,$0.56 ,$9.91 ,,,,USD,
7/13/19,Health and Beauty,Amazon.com,new,$14.95 ,$12.71 ,1,$12.71 ,$0.00 ,$12.71 ,,,,USD,
7/13/19,Office Product,Amazon.com,new,$0.00 ,$55.99 ,1,$55.99 ,$0.00 ,$55.99 ,,,,USD,
7/13/19,Kitchen,Amazon.com,new,$29.99 ,$24.88 ,1,$24.88 ,$1.49 ,$26.37 ,,,,USD,
7/13/19,Kitchen,Amazon.com,new,$0.00 ,$22.99 ,1,$22.99 ,$0.00 ,$22.99 ,,,,USD,
7/13/19,Health and Beauty,Amazon.com,new,$7.00 ,$6.01 ,1,$6.01 ,$0.36 ,$6.37 ,,,,USD,
7/17/19,Baby Product,Amazon.com,new,$0.00 ,$16.99 ,1,$16.99 ,$0.00 ,$16.99 ,,,,USD,
7/19/19,Baby Product,Amazon.com,new,$7.99 ,$7.99 ,1,$7.99 ,$0.48 ,$8.47 ,,,,USD,
7/19/19,Baby Product,Amazon.com,new,$0.00 ,$11.99 ,1,$11.99 ,$0.00 ,$11.99 ,,,,USD,
7/19/19,Baby Product,Amazon.com,new,$21.99 ,$17.99 ,1,$17.99 ,$1.08 ,$19.07 ,,,,USD,
7/20/19,Health and Beauty,Amazon.com,new,$11.99 ,$8.98 ,1,$8.98 ,$0.54 ,$9.52 ,,,,USD,
7/20/19,,Amazon.com,new,$149.00 ,$59.99 ,1,$59.99 ,$0.00 ,$59.99 ,,,,USD,
7/20/19,Health and Beauty,Amazon.com,new,$13.99 ,$14.99 ,1,$14.99 ,$0.90 ,$15.89 ,,,,USD,
7/20/19,Health and Beauty,Amazon.com,new,$16.99 ,$5.99 ,1,$5.99 ,$0.00 ,$5.99 ,,,,USD,
7/23/19,Lawn & Patio,Amazon.com,new,$22.49 ,$27.26 ,1,$27.26 ,$0.00 ,$27.26 ,,,,USD,
7/25/19,,Amazon.com,new,$0.00 ,$19.90 ,1,$19.90 ,$0.00 ,$19.90 ,,,,USD,
7/25/19,Health and Beauty,Amazon.com,new,$9.49 ,$7.54 ,1,$7.54 ,$0.45 ,$7.99 ,,,,USD,
7/25/19,Misc.,Amazon.com,new,$38.99 ,$38.99 ,1,$38.99 ,$2.34 ,$41.33 ,,,,USD,
7/25/19,Misc.,Amazon.com,new,$0.00 ,$44.99 ,1,$44.99 ,$0.00 ,$44.99 ,,,,USD,
7/25/19,Health and Beauty,Amazon.com,new,$6.07 ,$5.38 ,1,$5.38 ,$0.00 ,$5.38 ,,,,USD,
7/25/19,Health and Beauty,Amazon.com,new,$13.96 ,$13.96 ,1,$13.96 ,$0.84 ,$14.80 ,,,,USD,
7/25/19,Misc.,Amazon.com,new,$0.00 ,$18.99 ,1,$18.99 ,$0.00 ,$18.99 ,,,,USD,
7/30/19,Grocery,Amazon.com,new,$14.49 ,$12.79 ,1,$12.79 ,$0.00 ,$12.79 ,,,,USD,
7/30/19,,Amazon.com,new,$0.00 ,$34.00 ,1,$34.00 ,$2.04 ,$36.04 ,,,,USD,
7/31/19,Misc.,Amazon.com,new,$19.99 ,$19.53 ,1,$19.53 ,$1.17 ,$20.70 ,,,,USD,
7/31/19,Baby Product,Amazon.com,new,$31.98 ,$27.99 ,1,$27.99 ,$1.68 ,$29.67 ,,,,USD,
7/31/19,Home,Amazon.com,new,$0.00 ,$16.99 ,1,$16.99 ,$0.00 ,$16.99 ,,,,USD,
7/31/19,Baby Product,Amazon.com,new,$0.00 ,$6.99 ,2,$13.98 ,$0.84 ,$14.82 ,,,,USD,
7/31/19,Baby Product,Amazon.com,new,$345.00 ,$199.99 ,1,$199.99 ,$12.00 ,$211.99 ,,,,USD,
7/31/19,Misc.,Amazon.com,new,$0.00 ,$13.98 ,1,$13.98 ,$0.00 ,$13.98 ,,,,USD,
8/1/19,Baby Product,Amazon.com,new,$24.99 ,$21.49 ,1,$21.49 ,$1.29 ,$22.78 ,,,,USD,
8/1/19,Baby Product,Amazon.com,new,$39.95 ,$39.95 ,1,$39.95 ,$2.40 ,$42.35 ,,,,USD,
8/1/19,Paperback,Amazon.com,new,$17.00 ,$10.48 ,1,$10.48 ,$0.63 ,$11.11 ,,,,USD,
8/1/19,Hardcover,Amazon.com,new,$26.00 ,$15.60 ,1,$15.60 ,$0.94 ,$16.54 ,,,,USD,
8/1/19,Hardcover,Amazon.com,new,$28.00 ,$13.34 ,1,$13.34 ,$0.80 ,$14.14 ,,,,USD,
8/3/19,Misc.,Amazon.com,new,$36.99 ,$36.99 ,1,$36.99 ,$2.22 ,$39.21 ,,,,USD,
8/3/19,Electronics,Amazon.com,new,$199.99 ,$174.99 ,1,$174.99 ,$10.50 ,$185.49 ,,,,USD,
8/4/19,Health and Beauty,Amazon.com,new,$8.22 ,$8.63 ,1,$8.63 ,$0.52 ,$9.15 ,,,,USD,
8/4/19,Baby Product,Amazon.com,new,$0.00 ,$22.65 ,1,$22.65 ,$0.00 ,$22.65 ,,,,USD,
8/8/19,Health and Beauty,Amazon.com,new,$6.07 ,$5.92 ,2,$11.84 ,$0.00 ,$11.84 ,,,,USD,
8/8/19,Baby Product,Amazon.com,new,$0.00 ,$19.99 ,1,$19.99 ,$0.00 ,$19.99 ,,,,USD,
8/8/19,,Amazon.com,new,$0.00 ,$22.95 ,1,$22.95 ,$0.00 ,$22.95 ,,,,USD,
8/8/19,Baby Product,Amazon.com,new,$0.00 ,$17.69 ,1,$17.69 ,$0.00 ,$17.69 ,,,,USD,
8/8/19,Health and Beauty,Amazon.com,new,$17.49 ,$17.49 ,1,$17.49 ,$0.00 ,$17.49 ,,,,USD,
8/8/19,Health and Beauty,Amazon.com,new,$10.25 ,$10.25 ,1,$10.25 ,$0.62 ,$10.87 ,,,,USD,
8/8/19,Health and Beauty,Amazon.com,new,$19.00 ,$13.35 ,1,$13.35 ,$0.00 ,$13.35 ,,,,USD,
8/8/19,Health and Beauty,Amazon.com,new,$0.00 ,$20.97 ,1,$20.97 ,$1.26 ,$22.23 ,,,,USD,
8/8/19,Health and Beauty,Amazon.com,new,$9.50 ,$9.83 ,1,$9.83 ,$0.57 ,$10.40 ,,,,USD,
8/8/19,Kitchen,Amazon.com,new,$7.99 ,$5.49 ,1,$5.49 ,$0.00 ,$5.49 ,,,,USD,
8/8/19,Misc.,Amazon.com,new,$0.00 ,$14.16 ,1,$14.16 ,$0.00 ,$14.16 ,,,,USD,
8/13/19,Health and Beauty,Amazon.com,new,$11.70 ,$11.70 ,1,$11.70 ,$0.70 ,$12.40 ,,,,USD,
8/13/19,Baby Product,Amazon.com,new,$10.99 ,$10.08 ,1,$10.08 ,$0.61 ,$10.69 ,,,,USD,
8/13/19,Health and Beauty,Amazon.com,new,$11.99 ,$8.98 ,1,$8.98 ,$0.54 ,$9.52 ,,,,USD,
8/14/19,Health and Beauty,Amazon.com,new,$17.99 ,$14.97 ,1,$14.97 ,$0.90 ,$15.87 ,,,,USD,
8/14/19,Health and Beauty,Amazon.com,new,$14.79 ,$10.41 ,1,$10.41 ,$0.00 ,$10.41 ,,,,USD,
8/14/19,Health and Beauty,Amazon.com,new,$24.99 ,$24.99 ,1,$24.99 ,$0.00 ,$24.99 ,,,,USD,
8/20/19,Toy,Amazon.com,new,$12.00 ,$8.09 ,1,$8.09 ,$0.49 ,$8.58 ,,,,USD,
8/23/19,Health and Beauty,Amazon.com,new,$31.96 ,$25.98 ,2,$51.96 ,$0.00 ,$51.96 ,,,,USD,
8/24/19,Baby Product,Amazon.com,new,$29.99 ,$34.92 ,1,$34.92 ,$2.10 ,$37.02 ,,,,USD,
8/28/19,Electronics,Amazon.com,new,$23.99 ,$21.99 ,1,$21.99 ,$0.00 ,$21.99 ,,,,USD,
8/28/19,Office Product,Amazon.com,new,$0.00 ,$12.99 ,1,$12.99 ,$0.00 ,$12.99 ,,,,USD,
8/28/19,Office Product,Amazon.com,new,$0.00 ,$14.49 ,1,$14.49 ,$0.00 ,$14.49 ,,,,USD,
8/30/19,Automotive,Amazon.com,new,$50.00 ,$17.49 ,1,$17.49 ,$0.00 ,$17.49 ,,,,USD,
8/30/19,Electronics,Amazon.com,new,$21.99 ,$21.99 ,1,$21.99 ,$1.32 ,$23.31 ,,,,USD,
8/30/19,Baby Product,Amazon.com,new,$0.00 ,$14.99 ,1,$14.99 ,$0.00 ,$14.99 ,,,,USD,
8/30/19,Baby Product,Amazon.com,new,$8.09 ,$5.18 ,1,$5.18 ,$0.31 ,$5.49 ,,,,USD,
8/30/19,Baby Product,Amazon.com,new,$5.49 ,$5.49 ,1,$5.49 ,$0.00 ,$5.49 ,,,,USD,
9/2/19,Health and Beauty,Amazon.com,new,$6.07 ,$5.38 ,1,$5.38 ,$0.00 ,$5.38 ,,,,USD,
9/2/19,Health and Beauty,Amazon.com,new,$11.99 ,$8.98 ,1,$8.98 ,$0.54 ,$9.52 ,,,,USD,
9/2/19,Baby Product,Amazon.com,new,$6.99 ,$6.99 ,2,$13.98 ,$0.84 ,$14.82 ,,,,USD,
9/2/19,Health and Beauty,Amazon.com,new,$11.70 ,$11.69 ,1,$11.69 ,$0.70 ,$12.39 ,,,,USD,
9/2/19,Baby Product,Amazon.com,new,$11.99 ,$10.24 ,1,$10.24 ,$0.61 ,$10.85 ,,,,USD,
9/4/19,Health and Beauty,Amazon.com,new,$49.88 ,$49.98 ,1,$49.98 ,$3.00 ,$52.98 ,,,,USD,
9/4/19,Hardcover,Amazon.com,new,$28.99 ,$17.39 ,1,$17.39 ,$1.04 ,$18.43 ,,,,USD,
9/6/19,Baby Product,Amazon.com,new,$8.09 ,$8.09 ,1,$8.09 ,$0.49 ,$8.58 ,,,,USD,
9/6/19,Baby Product,Amazon.com,new,$10.99 ,$10.84 ,1,$10.84 ,$0.65 ,$11.49 ,,,,USD,
9/6/19,Baby Product,Amazon.com,new,$4.89 ,$3.98 ,3,$11.94 ,$0.72 ,$12.66 ,,,,USD,
9/6/19,,Amazon.com,new,$0.00 ,$5.90 ,1,$5.90 ,$0.00 ,$5.90 ,,,,USD,
9/6/19,Baby Product,Amazon.com,new,$199.99 ,$194.00 ,1,$194.00 ,$11.64 ,$205.64 ,,,,USD,
9/6/19,Baby Product,Amazon.com,new,$4.89 ,$3.98 ,3,$11.94 ,$0.72 ,$12.66 ,,,,USD,
9/9/19,Health and Beauty,Amazon.com,new,$39.99 ,$39.98 ,1,$39.98 ,$0.00 ,$39.98 ,,,,USD,
9/9/19,,Amazon.com,new,$59.00 ,$34.99 ,1,$34.99 ,$0.00 ,$34.99 ,,,,USD,
9/9/19,Health and Beauty,Amazon.com,new,$34.99 ,$29.99 ,1,$29.99 ,$0.00 ,$29.99 ,,,,USD,
9/9/19,Baby Product,Amazon.com,new,$15.00 ,$7.99 ,1,$7.99 ,$0.00 ,$7.99 ,,,,USD,
9/9/19,Baby Product,Amazon.com,new,$24.99 ,$18.99 ,1,$18.99 ,$1.14 ,$20.13 ,,,,USD,
9/10/19,Health and Beauty,Amazon.com,new,$0.00 ,$20.40 ,1,$20.40 ,$0.00 ,$20.40 ,,,,USD,
9/12/19,Kitchen,Amazon.com,new,$19.99 ,$16.29 ,1,$16.29 ,$0.98 ,$17.27 ,,,,USD,
9/12/19,,Amazon.com,new,$0.00 ,$10.99 ,1,$10.99 ,$0.00 ,$10.99 ,,,,USD,
9/17/19,,Amazon.com,new,$0.00 ,$29.00 ,4,$116.00 ,$6.52 ,$122.52 ,,,,USD,
9/17/19,,Amazon.com,new,$0.00 ,$22.95 ,1,$22.95 ,$0.00 ,$22.95 ,,,,USD,
9/17/19,Eyewear,Amazon.com,new,$19.99 ,$22.00 ,1,$22.00 ,$1.32 ,$23.32 ,,,,USD,
9/17/19,Eyewear,Amazon.com,new,$0.00 ,$11.99 ,1,$11.99 ,$0.72 ,$12.71 ,,,,USD,
9/21/19,Health and Beauty,Amazon.com,new,$22.99 ,$13.99 ,1,$13.99 ,$0.00 ,$13.99 ,,,,USD,
9/21/19,Health and Beauty,Amazon.com,new,$49.94 ,$49.94 ,1,$49.94 ,$2.40 ,$52.34 ,,,,USD,
9/21/19,Health and Beauty,Amazon.com,new,$13.99 ,$13.99 ,1,$13.99 ,$0.00 ,$13.99 ,,,,USD,
9/21/19,Health and Beauty,Amazon.com,new,$89.99 ,$71.95 ,1,$71.95 ,$0.00 ,$71.95 ,,,,USD,
9/25/19,Health and Beauty,Amazon.com,new,$39.99 ,$47.97 ,1,$47.97 ,$0.00 ,$47.97 ,,,,USD,
9/25/19,Baby Product,Amazon.com,new,$0.00 ,$46.99 ,1,$46.99 ,$0.00 ,$46.99 ,,,,USD,